{
  "train": {
    "r2": 0.847720732508457,
    "rmse": 19423.33825813936,
    "mae": 8644.908327827268
  },
  "test": {
    "r2": 0.8189551284093183,
    "rmse": 32375.124654125753,
    "mae": 17775.21803119708,
    "test_size": 34,
    "train_size": 134
  }
}